"Timestamp; ""StationID""; ""WSpd_Min""; ""WSpd_TMn""; ""WSpd_Max""; ""WSpd_TMx""; ""WSpd_Avg""; ""WSpd_Std""; ""WDir_Avg""; ""WDir_Std""; ""AirTemp_Min""; ""AirTemp_TMn""; ""AirTemp_Max""; ""AirTemp_TMx""; ""AirTemp_Avg""; ""RH_Min""; ""RH_TMn""; ""RH_Max""; ""RH_TMx""; ""DewPointTemp_Min""; ""DewPointTemp_TMn""; ""DewPointTemp_Max""; ""DewPointTemp_TMx""; ""DewPointTemp_Avg""; ""SlrW_Max""; ""SlrW_TMx""; ""SlrW_Avg""; ""SlrMJ_Tot""; ""Rain_Tot""; ""BPress_Min""; ""BPress_TMn""; ""BPress_Max""; ""BPress_TMx""; ""BPress_Avg""; ""LoggerSerialNumber""; ""ProgramName""; ""ProgramSignature""; ""LoggerBattery_Min""; ""LoggerBattery_TMn""; ""LoggerBattery_Max""; ""LoggerBattery_TMx""; ""LoggerBattery_Avg""; ""LoggerTemp_Min""; ""LoggerTemp_TMn""; ""LoggerTemp_Max""; ""LoggerTemp_TMx""; ""LoggerTemp_Avg""; ""LoggerLithiumBatt""; ""PingTime_Avg""; ""ScanCount""; ""ETos""; ""Rso""; ""SunHrs_Tot""; ""WC_C_Min""; ""WC_C_TMn"""
"10/31/2025 12:00:00 AM; ""UFS_AWS_2_4809""; 0.0; ""10/30/2025 3:36:57 AM""; 17.4; ""10/30/2025 8:01:45 AM""; 6.8; 3.0; 117.4; 20.9; 8.9; ""10/30/2025 9:39:56 AM""; 10.9; ""10/30/2025 4:05:21 AM""; 9.7; 82.9; ""10/30/2025 4:02:36 AM""; 97.7; ""10/30/2025 11:42:41 PM""; 7.9; ""10/30/2025 6:05:06 AM""; 10.1; ""10/30/2025 2:09:41 PM""; 9.1; 1,339.2; ""10/30/2025 2:12:58 PM""; 51.6; 4.5; 3.8; 784.2; ""10/30/2025 1:21:25 AM""; 787.0; ""10/30/2025 12:14:03 PM""; 785.8; ""25870""; ""CPU:UFS_AWS_2_4809_V1R0_20250719.CR300""; ""2753""; 12.7; ""10/30/2025 5:08:04 AM""; 14.1; ""10/30/2025 10:12:34 AM""; 13.3; 11.8; ""10/30/2025 8:56:01 PM""; 17.6; ""10/30/2025 2:45:10 PM""; 13.6; ""OK ON POWER UP""; 282.8; 86,400.0; 0.5; 3.9; 0.1; 4.2; ""10/30/2025 8:01:46 AM"""
"10/30/2025 12:00:00 AM; ""UFS_AWS_2_4809""; 0.0; ""10/29/2025 12:20:44 AM""; 14.4; ""10/29/2025 7:49:49 PM""; 5.1; 2.9; 306.6; 63.9; 9.6; ""10/29/2025 3:27:51 AM""; 16.0; ""10/29/2025 10:16:26 AM""; 12.6; 53.1; ""10/29/2025 10:52:56 AM""; 96.1; ""10/29/2025 11:57:11 PM""; 5.5; ""10/29/2025 1:09:36 AM""; 11.6; ""10/29/2025 1:08:36 PM""; 8.9; 667.0; ""10/29/2025 1:11:32 PM""; 101.3; 8.8; 0.2; 781.8; ""10/29/2025 3:26:48 PM""; 785.7; ""10/29/2025 12:00:24 AM""; 783.6; ""25870""; ""CPU:UFS_AWS_2_4809_V1R0_20250719.CR300""; ""2753""; 12.6; ""10/29/2025 5:10:40 AM""; 14.0; ""10/29/2025 8:38:37 AM""; 13.3; 12.0; ""10/29/2025 4:50:50 AM""; 22.7; ""10/29/2025 2:34:57 PM""; 17.0; ""OK ON POWER UP""; 401.5; 86,400.0; 1.2; 3.9; 1.0; 5.8; ""10/29/2025 11:53:41 PM"""
"10/29/2025 12:00:00 AM; ""UFS_AWS_2_4809""; 0.0; ""10/28/2025 1:41:07 AM""; 12.2; ""10/28/2025 6:01:46 PM""; 3.0; 1.9; 281.7; 68.1; 7.2; ""10/28/2025 4:35:31 AM""; 17.1; ""10/28/2025 2:09:26 PM""; 11.3; 68.4; ""10/28/2025 11:58:21 PM""; 97.3; ""10/28/2025 2:09:06 AM""; 6.4; ""10/28/2025 4:32:31 AM""; 13.9; ""10/28/2025 2:09:01 PM""; 9.6; 1,249.6; ""10/28/2025 11:49:07 AM""; 130.3; 11.3; 8.8; 784.4; ""10/28/2025 2:33:06 PM""; 787.2; ""10/28/2025 9:50:48 AM""; 785.8; ""25870""; ""CPU:UFS_AWS_2_4809_V1R0_20250719.CR300""; ""2753""; 12.6; ""10/28/2025 5:18:05 AM""; 14.0; ""10/28/2025 6:59:33 AM""; 13.3; 10.4; ""10/28/2025 5:21:03 AM""; 26.1; ""10/28/2025 2:57:42 PM""; 17.1; ""OK ON POWER UP""; 227.6; 86,400.0; 1.6; 3.8; 2.1; 3.6; ""10/28/2025 4:35:31 AM"""
"10/28/2025 12:00:00 AM; ""UFS_AWS_2_4809""; 0.0; ""10/27/2025 2:56:11 AM""; 21.9; ""10/27/2025 6:40:54 PM""; 7.5; 4.5; 349.9; 75.2; 7.7; ""10/27/2025 11:51:06 PM""; 21.7; ""10/27/2025 2:09:56 PM""; 12.8; 37.5; ""10/27/2025 1:56:31 PM""; 97.1; ""10/27/2025 11:59:06 PM""; 5.5; ""10/27/2025 1:48:21 PM""; 15.4; ""10/27/2025 2:23:26 PM""; 9.0; 1,299.9; ""10/27/2025 11:09:57 AM""; 213.0; 18.4; 4.8; 778.7; ""10/27/2025 2:37:04 AM""; 785.6; ""10/27/2025 10:55:51 PM""; 781.9; ""25870""; ""CPU:UFS_AWS_2_4809_V1R0_20250719.CR300""; ""2753""; 12.7; ""10/27/2025 4:53:05 AM""; 14.0; ""10/27/2025 6:30:24 AM""; 13.2; 10.7; ""10/27/2025 11:59:22 PM""; 30.0; ""10/27/2025 2:39:34 PM""; 18.6; ""OK ON POWER UP""; 269.4; 86,400.0; 2.2; 3.8; 5.2; 2.8; ""10/27/2025 10:27:16 PM"""
"10/27/2025 12:00:00 AM; ""UFS_AWS_2_4809""; 0.0; ""10/26/2025 1:21:47 AM""; 18.2; ""10/26/2025 6:56:44 PM""; 4.6; 3.3; 112.1; 73.1; 10.5; ""10/26/2025 8:52:56 PM""; 20.1; ""10/26/2025 11:54:26 AM""; 14.3; 45.2; ""10/26/2025 12:00:01 AM""; 96.3; ""10/26/2025 9:34:31 AM""; 4.9; ""10/26/2025 10:28:46 PM""; 15.3; ""10/26/2025 10:14:36 AM""; 10.0; 1,327.9; ""10/26/2025 11:33:16 AM""; 195.5; 16.9; 1.2; 777.2; ""10/26/2025 3:41:13 PM""; 781.2; ""10/26/2025 9:24:19 PM""; 779.1; ""25870""; ""CPU:UFS_AWS_2_4809_V1R0_20250719.CR300""; ""2753""; 12.7; ""10/26/2025 5:10:46 AM""; 13.9; ""10/26/2025 7:06:45 AM""; 13.2; 14.9; ""10/26/2025 9:00:02 PM""; 31.3; ""10/26/2025 12:01:37 PM""; 20.6; ""OK ON POWER UP""; 305.2; 86,400.0; 2.4; 3.8; 4.0; 10.5; ""10/26/2025 8:52:56 PM"""
"10/26/2025 12:00:00 AM; ""UFS_AWS_2_4809""; 0.0; ""10/25/2025 4:26:38 PM""; 23.4; ""10/25/2025 8:53:50 PM""; 7.0; 2.9; 295.8; 16.3; 12.2; ""10/25/2025 4:39:46 AM""; 23.1; ""10/25/2025 3:09:01 PM""; 18.1; 23.6; ""10/25/2025 11:34:21 AM""; 68.2; ""10/25/2025 4:02:21 AM""; -0.2; ""10/25/2025 11:34:21 AM""; 9.0; ""10/25/2025 9:29:36 AM""; 4.8; 976.4; ""10/25/2025 11:27:06 AM""; 290.7; 25.1; 0.0; 777.4; ""10/25/2025 2:42:19 PM""; 782.0; ""10/25/2025 12:01:02 AM""; 779.2; ""25870""; ""CPU:UFS_AWS_2_4809_V1R0_20250719.CR300""; ""2753""; 12.7; ""10/25/2025 4:15:32 AM""; 13.6; ""10/25/2025 8:39:42 AM""; 13.2; 14.0; ""10/25/2025 4:49:36 AM""; 31.8; ""10/25/2025 9:06:53 AM""; 23.8; ""OK ON POWER UP""; 205.0; 86,400.0; 3.7; 3.9; 10.2; 12.2; ""10/25/2025 4:39:46 AM"""
"10/25/2025 12:00:00 AM; ""UFS_AWS_2_4809""; 0.0; ""10/24/2025 3:27:52 AM""; 13.7; ""10/24/2025 7:44:28 PM""; 5.0; 2.4; 135.4; 57.2; 14.2; ""10/24/2025 10:19:41 PM""; 22.1; ""10/24/2025 12:40:01 PM""; 18.1; 12.8; ""10/24/2025 6:09:41 AM""; 69.2; ""10/24/2025 10:29:56 PM""; -11.2; ""10/24/2025 6:08:01 AM""; 8.9; ""10/24/2025 10:31:26 PM""; 1.4; 980.2; ""10/24/2025 11:38:18 AM""; 296.5; 25.6; 0.0; 781.0; ""10/24/2025 5:58:10 PM""; 783.4; ""10/24/2025 9:45:53 AM""; 782.3; ""25870""; ""CPU:UFS_AWS_2_4809_V1R0_20250719.CR300""; ""2753""; 12.7; ""10/24/2025 5:00:44 AM""; 13.5; ""10/24/2025 8:38:40 AM""; 13.1; 15.7; ""10/24/2025 5:22:26 AM""; 37.5; ""10/24/2025 9:03:26 AM""; 24.9; ""OK ON POWER UP""; 215.1; 86,400.0; 4.0; 3.9; 10.9; 14.2; ""10/24/2025 10:19:41 PM"""
"10/24/2025 12:00:00 AM; ""UFS_AWS_2_4809""; 0.0; ""10/23/2025 6:44:12 AM""; 10.7; ""10/23/2025 5:22:08 PM""; 3.1; 1.9; 309.5; 37.6; 9.6; ""10/23/2025 5:32:01 AM""; 23.3; ""10/23/2025 3:31:01 PM""; 16.5; 18.5; ""10/23/2025 3:40:16 PM""; 55.8; ""10/23/2025 9:42:51 AM""; -4.4; ""10/23/2025 11:58:36 PM""; 10.2; ""10/23/2025 1:06:16 PM""; 2.1; 978.5; ""10/23/2025 11:27:13 AM""; 298.3; 25.8; 0.0; 782.2; ""10/23/2025 5:02:58 PM""; 785.5; ""10/23/2025 8:22:10 AM""; 783.9; ""25870""; ""CPU:UFS_AWS_2_4809_V1R0_20250719.CR300""; ""2753""; 12.7; ""10/23/2025 5:00:14 AM""; 13.5; ""10/23/2025 8:35:39 AM""; 13.1; 11.5; ""10/23/2025 5:31:41 AM""; 40.2; ""10/23/2025 9:30:35 AM""; 24.4; ""OK ON POWER UP""; 191.6; 86,400.0; 4.2; 3.9; 10.9; 7.6; ""10/23/2025 5:25:21 AM"""
"10/23/2025 12:00:00 AM; ""UFS_AWS_2_4809""; 0.0; ""10/22/2025 1:11:28 AM""; 7.7; ""10/22/2025 12:13:57 PM""; 2.2; 1.5; 137.7; 71.6; 7.4; ""10/22/2025 5:43:36 AM""; 18.6; ""10/22/2025 11:58:16 AM""; 12.9; 20.7; ""10/22/2025 12:32:51 PM""; 70.9; ""10/22/2025 3:21:41 AM""; -6.3; ""10/22/2025 12:27:06 PM""; 9.4; ""10/22/2025 11:58:01 AM""; 2.1; 984.2; ""10/22/2025 11:37:10 AM""; 299.8; 25.9; 0.0; 784.6; ""10/22/2025 3:41:30 AM""; 786.8; ""10/22/2025 10:07:32 AM""; 785.6; ""25870""; ""CPU:UFS_AWS_2_4809_V1R0_20250719.CR300""; ""2753""; 12.7; ""10/22/2025 5:15:38 AM""; 13.6; ""10/22/2025 4:18:22 PM""; 13.2; 8.3; ""10/22/2025 3:05:56 AM""; 36.7; ""10/22/2025 8:50:47 AM""; 20.6; ""OK ON POWER UP""; 203.3; 86,400.0; 4.1; 3.9; 10.9; 5.0; ""10/22/2025 3:23:16 AM"""
"10/22/2025 12:00:00 AM; ""UFS_AWS_2_4809""; 0.0; ""10/21/2025 12:41:46 AM""; 10.7; ""10/21/2025 12:02:04 AM""; 4.1; 2.8; 105.1; 59.8; 4.4; ""10/21/2025 5:29:16 AM""; 13.8; ""10/21/2025 12:38:41 PM""; 8.8; 32.4; ""10/21/2025 1:31:56 PM""; 98.3; ""10/21/2025 7:42:51 AM""; -3.8; ""10/21/2025 1:31:56 PM""; 10.8; ""10/21/2025 9:27:31 AM""; 4.9; 1,281.8; ""10/21/2025 10:15:23 AM""; 298.7; 25.8; 0.2; 783.1; ""10/21/2025 3:32:58 AM""; 785.7; ""10/21/2025 11:13:08 PM""; 784.2; ""25870""; ""CPU:UFS_AWS_2_4809_V1R0_20250719.CR300""; ""2753""; 12.7; ""10/21/2025 5:05:25 AM""; 14.1; ""10/21/2025 7:03:28 AM""; 13.3; 7.2; ""10/21/2025 3:34:20 AM""; 30.4; ""10/21/2025 10:46:46 AM""; 16.3; ""OK ON POWER UP""; 194.5; 86,400.0; 3.2; 3.8; 9.9; 0.3; ""10/21/2025 12:13:31 AM"""
"10/21/2025 12:00:00 AM; ""UFS_AWS_2_4809""; 0.0; ""10/20/2025 12:26:21 AM""; 18.2; ""10/20/2025 6:05:10 AM""; 8.3; 3.0; 112.1; 16.2; 4.2; ""10/20/2025 6:59:26 AM""; 7.4; ""10/20/2025 3:18:26 PM""; 5.6; 97.3; ""10/20/2025 8:12:26 PM""; 98.4; ""10/20/2025 5:25:26 PM""; 3.9; ""10/20/2025 6:59:26 AM""; 7.1; ""10/20/2025 3:18:26 PM""; 5.3; 1,475.8; ""10/20/2025 11:13:26 AM""; 106.9; 9.2; 13.2; 783.4; ""10/20/2025 4:28:46 AM""; 785.7; ""10/20/2025 10:06:34 AM""; 784.6; ""25870""; ""CPU:UFS_AWS_2_4809_V1R0_20250719.CR300""; ""2753""; 12.6; ""10/20/2025 5:05:44 AM""; 14.2; ""10/20/2025 7:25:41 AM""; 13.3; 7.4; ""10/20/2025 5:55:00 AM""; 15.8; ""10/20/2025 4:06:57 PM""; 10.4; ""OK ON POWER UP""; 251.6; 86,400.0; 0.8; 3.8; 1.5; -2.7; ""10/20/2025 5:53:36 AM"""
"10/20/2025 12:00:00 AM; ""UFS_AWS_2_4809""; 0.0; ""10/19/2025 12:31:58 AM""; 18.2; ""10/19/2025 10:14:01 PM""; 7.7; 3.2; 116.4; 20.1; 5.3; ""10/19/2025 11:28:46 PM""; 7.8; ""10/19/2025 11:52:26 AM""; 6.6; 94.1; ""10/19/2025 12:00:01 AM""; 98.0; ""10/19/2025 11:47:56 PM""; 5.0; ""10/19/2025 11:28:46 PM""; 7.4; ""10/19/2025 11:52:26 AM""; 6.2; 1,260.2; ""10/19/2025 11:01:11 AM""; 73.6; 6.4; 29.4; 782.0; ""10/19/2025 5:02:28 AM""; 785.5; ""10/19/2025 9:46:17 PM""; 784.2; ""25870""; ""CPU:UFS_AWS_2_4809_V1R0_20250719.CR300""; ""2753""; 12.5; ""10/19/2025 2:21:26 AM""; 14.0; ""10/19/2025 7:54:40 AM""; 13.2; 7.6; ""10/19/2025 11:59:26 PM""; 15.7; ""10/19/2025 11:54:46 AM""; 10.9; ""OK ON POWER UP""; 264.8; 86,400.0; 0.6; 3.8; 0.5; -1.4; ""10/19/2025 10:14:01 PM"""
"10/19/2025 12:00:00 AM; ""UFS_AWS_2_4809""; 0.0; ""10/18/2025 5:43:43 AM""; 19.7; ""10/18/2025 9:47:58 AM""; 7.1; 3.1; 293.4; 52.6; 7.1; ""10/18/2025 11:06:01 PM""; 18.8; ""10/18/2025 2:09:26 PM""; 13.8; 41.7; ""10/18/2025 6:53:56 AM""; 95.6; ""10/18/2025 10:46:31 PM""; 2.8; ""10/18/2025 6:53:06 AM""; 9.4; ""10/18/2025 1:04:16 AM""; 6.9; 1,255.2; ""10/18/2025 11:27:30 AM""; 174.0; 15.0; 17.6; 780.8; ""10/18/2025 4:25:41 AM""; 785.7; ""10/18/2025 11:17:31 PM""; 782.5; ""25870""; ""CPU:UFS_AWS_2_4809_V1R0_20250719.CR300""; ""2753""; 12.7; ""10/18/2025 4:35:54 AM""; 14.0; ""10/18/2025 7:10:38 AM""; 13.3; 10.4; ""10/19/2025 12:00:00 AM""; 26.7; ""10/18/2025 2:06:15 PM""; 18.8; ""OK ON POWER UP""; 198.3; 86,400.0; 1.9; 3.8; 4.0; 3.2; ""10/18/2025 11:01:01 PM"""
"10/18/2025 12:00:00 AM; ""UFS_AWS_2_4809""; 0.0; ""10/17/2025 1:20:40 AM""; 12.2; ""10/17/2025 3:27:17 PM""; 3.7; 2.2; 356.3; 78.0; 4.7; ""10/17/2025 6:51:56 AM""; 20.0; ""10/17/2025 2:09:21 PM""; 11.0; 34.7; ""10/17/2025 5:33:31 PM""; 97.3; ""10/17/2025 7:43:26 AM""; 1.7; ""10/17/2025 8:35:21 PM""; 10.3; ""10/17/2025 2:42:11 PM""; 6.2; 1,164.2; ""10/17/2025 10:48:57 AM""; 277.5; 24.0; 0.8; 781.1; ""10/17/2025 3:31:20 PM""; 784.8; ""10/17/2025 9:03:18 AM""; 783.3; ""25870""; ""CPU:UFS_AWS_2_4809_V1R0_20250719.CR300""; ""2753""; 12.6; ""10/17/2025 5:15:01 AM""; 14.0; ""10/17/2025 7:22:40 AM""; 13.2; 8.1; ""10/17/2025 4:57:12 AM""; 28.5; ""10/17/2025 2:52:00 PM""; 17.8; ""OK ON POWER UP""; 194.3; 86,400.0; 3.3; 3.8; 9.3; 0.7; ""10/17/2025 12:24:16 AM"""
"10/17/2025 12:00:00 AM; ""UFS_AWS_2_4809""; 0.0; ""10/16/2025 12:34:30 AM""; 20.4; ""10/16/2025 3:31:05 AM""; 8.6; 3.4; 104.8; 57.4; 5.7; ""10/16/2025 11:25:31 PM""; 18.3; ""10/16/2025 8:14:56 AM""; 12.0; 12.8; ""10/16/2025 5:27:01 AM""; 96.3; ""10/16/2025 11:59:21 PM""; -13.7; ""10/16/2025 5:26:56 AM""; 9.5; ""10/16/2025 9:56:31 AM""; 2.1; 966.3; ""10/16/2025 11:40:36 AM""; 292.2; 25.2; 0.6; 776.2; ""10/16/2025 3:48:36 AM""; 784.1; ""10/16/2025 11:05:48 PM""; 780.0; ""25870""; ""CPU:UFS_AWS_2_4809_V1R0_20250719.CR300""; ""2753""; 12.7; ""10/16/2025 4:00:16 AM""; 13.7; ""10/16/2025 5:44:23 PM""; 13.2; 8.7; ""10/16/2025 11:59:39 PM""; 33.7; ""10/16/2025 8:53:11 AM""; 19.2; ""OK ON POWER UP""; 203.9; 86,400.0; 2.8; 3.8; 10.6; 0.1; ""10/16/2025 9:46:51 PM"""
"10/16/2025 12:00:00 AM; ""UFS_AWS_2_4809""; 0.0; ""10/15/2025 6:49:17 AM""; 21.2; ""10/15/2025 1:23:42 PM""; 5.6; 3.5; 102.0; 70.4; 7.8; ""10/15/2025 7:28:41 PM""; 22.3; ""10/15/2025 2:02:56 PM""; 13.8; 12.5; ""10/15/2025 4:24:26 PM""; 97.3; ""10/15/2025 8:28:46 AM""; -9.7; ""10/15/2025 4:24:26 PM""; 13.5; ""10/15/2025 9:53:06 AM""; 5.5; 1,045.2; ""10/15/2025 9:38:16 AM""; 280.0; 24.2; 0.0; 778.8; ""10/15/2025 4:29:15 PM""; 782.7; ""10/15/2025 8:20:37 AM""; 781.0; ""25870""; ""CPU:UFS_AWS_2_4809_V1R0_20250719.CR300""; ""2753""; 12.7; ""10/15/2025 4:51:58 AM""; 13.9; ""10/15/2025 7:28:41 AM""; 13.2; 11.4; ""10/15/2025 10:55:42 PM""; 30.5; ""10/15/2025 10:38:03 AM""; 20.2; ""OK ON POWER UP""; 197.1; 86,400.0; 3.3; 3.8; 9.3; 4.4; ""10/15/2025 7:28:41 PM"""
"10/15/2025 12:00:00 AM; ""UFS_AWS_2_4809""; 0.0; ""10/14/2025 11:01:05 PM""; 22.7; ""10/14/2025 1:21:24 PM""; 7.6; 4.0; 290.3; 25.9; 10.9; ""10/14/2025 5:39:21 AM""; 23.4; ""10/14/2025 3:17:21 PM""; 18.1; 22.8; ""10/14/2025 5:38:41 PM""; 82.4; ""10/14/2025 3:44:11 AM""; -0.6; ""10/14/2025 11:29:41 PM""; 9.5; ""10/14/2025 3:30:21 AM""; 5.1; 947.5; ""10/14/2025 11:47:34 AM""; 270.1; 23.3; 0.0; 779.1; ""10/14/2025 3:21:37 PM""; 783.0; ""10/14/2025 12:01:11 AM""; 781.7; ""25870""; ""CPU:UFS_AWS_2_4809_V1R0_20250719.CR300""; ""2753""; 12.7; ""10/14/2025 5:20:35 AM""; 13.8; ""10/14/2025 8:45:59 AM""; 13.2; 13.8; ""10/14/2025 5:49:23 AM""; 30.5; ""10/14/2025 4:04:57 PM""; 22.7; ""OK ON POWER UP""; 195.6; 86,400.0; 3.4; 3.8; 10.3; 10.9; ""10/14/2025 5:39:21 AM"""
"10/14/2025 12:00:00 AM; ""UFS_AWS_2_4809""; 0.0; ""10/13/2025 12:29:54 AM""; 18.2; ""10/13/2025 1:20:12 PM""; 4.4; 3.0; 287.0; 60.8; 9.0; ""10/13/2025 4:14:06 AM""; 20.7; ""10/13/2025 3:13:26 PM""; 14.9; 39.8; ""10/13/2025 5:07:26 PM""; 96.7; ""10/13/2025 4:19:21 AM""; 4.5; ""10/13/2025 11:59:36 PM""; 12.0; ""10/13/2025 11:11:31 PM""; 8.2; 1,143.3; ""10/13/2025 12:14:30 PM""; 240.2; 20.8; 0.2; 781.0; ""10/13/2025 2:34:19 PM""; 784.1; ""10/13/2025 9:14:10 AM""; 782.6; ""25870""; ""CPU:UFS_AWS_2_4809_V1R0_20250719.CR300""; ""2753""; 12.6; ""10/13/2025 4:56:11 AM""; 14.1; ""10/13/2025 7:51:35 AM""; 13.3; 12.2; ""10/13/2025 4:30:20 AM""; 28.3; ""10/13/2025 3:31:24 PM""; 20.0; ""OK ON POWER UP""; 194.8; 86,400.0; 3.1; 3.7; 6.7; 5.6; ""10/13/2025 12:09:46 AM"""
"10/13/2025 12:00:00 AM; ""UFS_AWS_2_4809""; 0.0; ""10/12/2025 12:00:05 AM""; 17.4; ""10/12/2025 11:14:58 PM""; 6.0; 2.9; 309.2; 48.1; 9.9; ""10/12/2025 11:58:06 PM""; 17.7; ""10/12/2025 2:46:21 PM""; 12.8; 43.3; ""10/12/2025 12:49:11 PM""; 95.6; ""10/12/2025 11:58:41 PM""; 3.8; ""10/12/2025 12:49:16 PM""; 10.1; ""10/12/2025 10:32:46 PM""; 7.3; 1,317.3; ""10/12/2025 11:38:23 AM""; 157.0; 13.6; 3.4; 778.9; ""10/12/2025 4:52:32 AM""; 782.4; ""10/12/2025 11:05:30 PM""; 780.4; ""25870""; ""CPU:UFS_AWS_2_4809_V1R0_20250719.CR300""; ""2753""; 12.7; ""10/12/2025 5:25:51 AM""; 14.0; ""10/12/2025 8:21:40 AM""; 13.2; 12.7; ""10/12/2025 5:03:34 AM""; 25.6; ""10/12/2025 12:48:33 PM""; 17.6; ""OK ON POWER UP""; 189.1; 86,400.0; 1.7; 3.7; 2.8; 5.3; ""10/12/2025 11:57:36 PM"""
"10/12/2025 12:00:00 AM; ""UFS_AWS_2_4809""; 0.0; ""10/11/2025 7:35:22 AM""; 12.9; ""10/11/2025 2:08:01 PM""; 4.5; 2.0; 301.3; 28.3; 12.1; ""10/11/2025 4:27:36 AM""; 22.5; ""10/11/2025 11:38:06 AM""; 16.9; 26.9; ""10/11/2025 1:04:11 PM""; 69.5; ""10/11/2025 11:59:56 PM""; 1.1; ""10/11/2025 1:04:21 PM""; 10.9; ""10/11/2025 10:39:01 AM""; 6.0; 1,176.9; ""10/11/2025 12:14:08 PM""; 215.4; 18.6; 0.0; 778.9; ""10/11/2025 4:09:29 PM""; 782.5; ""10/11/2025 12:00:19 AM""; 780.8; ""25870""; ""CPU:UFS_AWS_2_4809_V1R0_20250719.CR300""; ""2753""; 12.7; ""10/11/2025 5:10:27 AM""; 13.7; ""10/11/2025 8:47:39 AM""; 13.2; 14.2; ""10/11/2025 5:15:35 AM""; 33.5; ""10/11/2025 10:42:48 AM""; 23.6; ""OK ON POWER UP""; 189.9; 86,400.0; 2.9; 3.7; 6.6; 12.1; ""10/11/2025 4:27:36 AM"""
"10/11/2025 12:00:00 AM; ""UFS_AWS_2_4809""; 0.0; ""10/10/2025 7:08:57 AM""; 18.2; ""10/10/2025 2:05:06 PM""; 5.4; 2.7; 299.8; 45.7; 8.7; ""10/10/2025 1:52:31 AM""; 21.4; ""10/10/2025 3:06:26 PM""; 15.1; 33.6; ""10/10/2025 2:54:51 PM""; 96.9; ""10/10/2025 1:31:06 AM""; 2.6; ""10/10/2025 6:40:41 AM""; 9.9; ""10/10/2025 12:12:26 AM""; 5.2; 1,057.6; ""10/10/2025 1:07:08 PM""; 272.9; 23.6; 0.0; 781.0; ""10/10/2025 3:22:26 PM""; 786.9; ""10/10/2025 12:00:07 AM""; 783.7; ""25870""; ""CPU:UFS_AWS_2_4809_V1R0_20250719.CR300""; ""2753""; 12.6; ""10/10/2025 4:05:56 AM""; 13.6; ""10/10/2025 8:47:41 AM""; 13.2; 11.9; ""10/10/2025 1:54:03 AM""; 32.1; ""10/10/2025 9:54:33 AM""; 21.5; ""OK ON POWER UP""; 238.3; 86,400.0; 3.4; 3.7; 10.1; 4.7; ""10/10/2025 1:53:01 AM"""
"10/10/2025 12:00:00 AM; ""UFS_AWS_2_4809""; 0.0; ""10/9/2025 5:33:51 AM""; 16.7; ""10/9/2025 5:08:15 PM""; 6.2; 3.3; 119.1; 30.7; 8.9; ""10/9/2025 4:08:11 AM""; 15.3; ""10/9/2025 8:01:16 AM""; 12.0; 60.4; ""10/9/2025 7:32:36 AM""; 96.7; ""10/9/2025 11:57:16 PM""; 5.5; ""10/9/2025 5:44:51 AM""; 12.1; ""10/9/2025 11:05:26 AM""; 9.8; 1,017.0; ""10/9/2025 11:57:07 AM""; 194.5; 16.8; 1.0; 784.6; ""10/9/2025 4:30:34 PM""; 787.9; ""10/9/2025 8:54:34 AM""; 786.6; ""25870""; ""CPU:UFS_AWS_2_4809_V1R0_20250719.CR300""; ""2753""; 12.7; ""10/9/2025 4:35:53 AM""; 13.8; ""10/9/2025 5:16:33 PM""; 13.2; 11.3; ""10/9/2025 5:10:41 AM""; 32.1; ""10/9/2025 9:02:47 AM""; 18.6; ""OK ON POWER UP""; 221.7; 86,400.0; 2.0; 3.6; 6.6; 5.8; ""10/9/2025 12:30:16 AM"""
"10/9/2025 12:00:00 AM; ""UFS_AWS_2_4809""; 0.0; ""10/8/2025 12:00:51 AM""; 15.9; ""10/8/2025 8:55:45 PM""; 4.1; 3.3; 103.8; 67.2; 8.8; ""10/8/2025 5:23:46 AM""; 21.4; ""10/8/2025 2:06:51 PM""; 13.6; 14.8; ""10/8/2025 2:22:06 PM""; 93.4; ""10/8/2025 11:59:31 PM""; -7.4; ""10/8/2025 2:22:06 PM""; 10.3; ""10/8/2025 9:18:16 AM""; 5.0; 931.5; ""10/8/2025 11:53:43 AM""; 281.6; 24.3; 0.0; 784.0; ""10/8/2025 4:03:25 PM""; 786.9; ""10/8/2025 11:26:43 PM""; 785.1; ""25870""; ""CPU:UFS_AWS_2_4809_V1R0_20250719.CR300""; ""2753""; 12.7; ""10/8/2025 5:00:14 AM""; 13.8; ""10/8/2025 8:35:42 AM""; 13.2; 9.8; ""10/8/2025 4:46:16 AM""; 32.3; ""10/8/2025 5:02:43 PM""; 20.9; ""OK ON POWER UP""; 202.1; 86,400.0; 3.5; 3.7; 10.3; 6.1; ""10/8/2025 11:55:06 PM"""
"10/8/2025 12:00:00 AM; ""UFS_AWS_2_4809""; 0.0; ""10/7/2025 12:00:47 AM""; 10.7; ""10/7/2025 3:41:31 PM""; 3.2; 2.6; 148.1; 73.9; 4.9; ""10/7/2025 4:11:11 AM""; 20.2; ""10/7/2025 3:40:36 PM""; 12.1; 13.1; ""10/7/2025 3:14:11 PM""; 93.6; ""10/7/2025 4:13:11 AM""; -9.7; ""10/7/2025 3:14:11 PM""; 8.5; ""10/7/2025 4:09:56 PM""; 2.2; 937.2; ""10/7/2025 11:54:41 AM""; 283.9; 24.5; 0.0; 782.3; ""10/7/2025 3:51:32 AM""; 785.2; ""10/7/2025 11:03:32 PM""; 783.7; ""25870""; ""CPU:UFS_AWS_2_4809_V1R0_20250719.CR300""; ""2753""; 12.6; ""10/7/2025 4:52:09 AM""; 13.6; ""10/7/2025 5:43:39 PM""; 13.2; 7.7; ""10/7/2025 5:56:08 AM""; 32.3; ""10/7/2025 8:54:46 AM""; 19.1; ""OK ON POWER UP""; 209.6; 86,410.0; 3.6; 3.7; 10.4; 1.3; ""10/7/2025 3:51:46 AM"""
"10/7/2025 12:00:00 AM; ""UFS_AWS_2_4809""; 0.0; ""10/6/2025 3:13:58 AM""; 37.7; ""10/6/2025 11:07:23 AM""; 10.0; 6.4; 289.5; 28.9; 6.8; ""10/6/2025 10:51:41 AM""; 16.6; ""10/6/2025 1:06:06 PM""; 12.8; 21.3; ""10/6/2025 11:57:26 PM""; 94.3; ""10/6/2025 5:08:46 AM""; -8.2; ""10/6/2025 11:57:26 PM""; 8.2; ""10/6/2025 2:51:16 AM""; 3.6; 1,026.7; ""10/6/2025 11:30:02 AM""; 201.9; 17.4; 5.2; 775.4; ""10/6/2025 11:14:27 AM""; 783.5; ""10/6/2025 11:52:45 PM""; 780.1; ""25870""; ""CPU:UFS_AWS_2_4809_V1R0_20250719.CR300""; ""2753""; 12.7; ""10/6/2025 5:36:00 AM""; 14.0; ""10/6/2025 8:38:38 AM""; 13.3; 11.6; ""10/6/2025 5:36:11 AM""; 23.0; ""10/6/2025 3:30:59 PM""; 16.7; ""OK ON POWER UP""; 217.1; 86,400.0; 1.9; 3.7; 7.1; -0.4; ""10/6/2025 10:50:51 AM"""
"10/6/2025 12:00:00 AM; ""UFS_AWS_2_4809""; 1.7; ""10/5/2025 7:40:14 AM""; 27.2; ""10/5/2025 2:35:28 PM""; 9.3; 3.5; 304.3; 12.8; 7.8; ""10/5/2025 5:01:46 AM""; 17.6; ""10/5/2025 1:48:31 PM""; 13.2; 40.3; ""10/5/2025 1:31:31 PM""; 96.6; ""10/5/2025 5:52:01 AM""; 3.9; ""10/5/2025 1:31:31 PM""; 10.4; ""10/5/2025 10:01:31 AM""; 7.3; 1,208.7; ""10/5/2025 11:52:01 AM""; 162.9; 14.1; 0.6; 777.7; ""10/5/2025 3:45:29 PM""; 782.5; ""10/5/2025 9:15:32 AM""; 780.9; ""25870""; ""CPU:UFS_AWS_2_4809_V1R0_20250719.CR300""; ""2753""; 12.6; ""10/5/2025 5:46:06 AM""; 13.9; ""10/5/2025 8:44:36 AM""; 13.2; 10.3; ""10/5/2025 5:25:49 AM""; 25.3; ""10/5/2025 10:49:22 AM""; 17.9; ""OK ON POWER UP""; 192.2; 86,400.0; 1.6; 3.6; 4.9; 3.7; ""10/5/2025 3:01:31 AM"""
"10/5/2025 12:00:00 AM; ""UFS_AWS_2_4809""; 0.0; ""10/4/2025 2:37:41 AM""; 17.4; ""10/4/2025 3:06:53 PM""; 6.2; 3.6; 308.3; 49.5; 3.8; ""10/4/2025 1:19:26 AM""; 13.9; ""10/4/2025 4:52:36 PM""; 8.4; 70.1; ""10/4/2025 4:52:16 PM""; 98.5; ""10/4/2025 9:32:21 AM""; 3.6; ""10/4/2025 1:19:26 AM""; 9.8; ""10/4/2025 2:05:21 PM""; 6.9; 1,268.8; ""10/4/2025 1:06:25 PM""; 141.6; 12.2; 0.8; 781.4; ""10/4/2025 4:39:05 PM""; 785.6; ""10/4/2025 12:11:25 AM""; 783.6; ""25870""; ""CPU:UFS_AWS_2_4809_V1R0_20250719.CR300""; ""2753""; 12.6; ""10/4/2025 5:16:06 AM""; 14.0; ""10/4/2025 8:29:41 AM""; 13.3; 6.6; ""10/4/2025 2:24:42 AM""; 20.8; ""10/4/2025 4:42:24 PM""; 12.7; ""OK ON POWER UP""; 227.4; 86,400.0; 1.3; 3.6; 4.1; -1.3; ""10/4/2025 12:10:16 AM"""
"10/4/2025 12:00:00 AM; ""UFS_AWS_2_4809""; 0.9; ""10/3/2025 12:14:09 AM""; 15.2; ""10/3/2025 7:33:21 PM""; 8.4; 2.3; 119.5; 8.3; 2.9; ""10/3/2025 6:26:01 AM""; 4.6; ""10/3/2025 4:07:41 PM""; 3.7; 96.9; ""10/3/2025 12:03:06 AM""; 98.3; ""10/3/2025 11:30:01 PM""; 2.6; ""10/3/2025 6:26:01 AM""; 4.4; ""10/3/2025 4:07:41 PM""; 3.4; 493.6; ""10/3/2025 10:30:03 AM""; 89.1; 7.7; 3.0; 782.6; ""10/3/2025 3:46:51 AM""; 785.9; ""10/3/2025 10:05:52 PM""; 784.3; ""25870""; ""CPU:UFS_AWS_2_4809_V1R0_20250719.CR300""; ""2753""; 12.6; ""10/3/2025 5:28:04 AM""; 14.1; ""10/3/2025 7:33:57 AM""; 13.3; 5.9; ""10/3/2025 5:33:27 AM""; 11.9; ""10/3/2025 12:39:16 PM""; 8.4; ""OK ON POWER UP""; 221.4; 86,400.0; 0.6; 3.6; 0.5; -3.6; ""10/3/2025 8:51:06 AM"""
"10/3/2025 12:00:00 AM; ""UFS_AWS_2_4809""; 0.0; ""10/2/2025 2:29:45 PM""; 20.4; ""10/2/2025 9:01:05 AM""; 9.9; 3.5; 319.0; 68.1; 4.4; ""10/2/2025 11:53:41 PM""; 19.5; ""10/2/2025 3:36:06 PM""; 11.1; 38.9; ""10/2/2025 3:14:16 PM""; 97.0; ""10/2/2025 11:59:56 PM""; 3.6; ""10/2/2025 3:14:16 PM""; 10.2; ""10/2/2025 3:40:01 PM""; 5.7; 1,178.3; ""10/2/2025 12:25:26 PM""; 211.4; 18.3; 2.6; 780.1; ""10/2/2025 1:38:19 PM""; 783.6; ""10/2/2025 9:37:43 PM""; 781.7; ""25870""; ""CPU:UFS_AWS_2_4809_V1R0_20250719.CR300""; ""2753""; 12.7; ""10/2/2025 5:25:06 AM""; 13.9; ""10/2/2025 8:36:42 AM""; 13.2; 7.6; ""10/2/2025 11:59:29 PM""; 25.5; ""10/2/2025 3:53:02 PM""; 16.7; ""OK ON POWER UP""; 231.4; 86,400.0; 1.9; 3.6; 5.7; -2.3; ""10/2/2025 11:23:31 PM"""
"10/2/2025 12:00:00 AM; ""UFS_AWS_2_4809""; 0.0; ""10/1/2025 12:06:13 AM""; 18.9; ""10/1/2025 10:06:32 PM""; 3.1; 2.4; 324.0; 43.1; 4.1; ""10/1/2025 6:21:26 AM""; 18.1; ""10/1/2025 3:32:36 PM""; 10.2; 34.2; ""10/1/2025 7:27:26 PM""; 97.7; ""10/1/2025 10:28:36 AM""; -0.2; ""10/1/2025 7:27:26 PM""; 11.8; ""10/1/2025 11:45:31 AM""; 5.8; 1,124.4; ""10/1/2025 9:54:28 AM""; 247.2; 21.4; 0.0; 781.6; ""10/1/2025 11:44:21 PM""; 786.7; ""10/1/2025 12:03:37 AM""; 784.4; ""25870""; ""CPU:UFS_AWS_2_4809_V1R0_20250719.CR300""; ""2753""; 12.6; ""10/1/2025 5:39:05 AM""; 14.1; ""10/1/2025 7:33:37 AM""; 13.3; 7.1; ""10/1/2025 1:33:55 AM""; 30.3; ""10/1/2025 5:01:27 PM""; 16.3; ""OK ON POWER UP""; 240.8; 86,400.0; 2.9; 3.6; 8.6; 0.2; ""10/1/2025 4:54:56 AM"""
"10/1/2025 12:00:00 AM; ""UFS_AWS_2_4809""; 0.0; ""9/30/2025 7:17:02 PM""; 15.9; ""9/30/2025 12:45:04 AM""; 6.3; 3.4; 127.1; 33.4; 3.0; ""9/30/2025 4:23:41 AM""; 6.5; ""9/30/2025 1:41:06 PM""; 4.6; 95.9; ""9/30/2025 11:59:16 PM""; 98.3; ""9/30/2025 8:29:16 PM""; 2.7; ""9/30/2025 4:23:41 AM""; 6.3; ""9/30/2025 1:41:06 PM""; 4.3; 1,254.5; ""9/30/2025 12:42:57 PM""; 127.8; 11.0; 3.4; 783.7; ""9/30/2025 1:32:55 AM""; 787.6; ""9/30/2025 10:23:05 AM""; 786.1; ""25870""; ""CPU:UFS_AWS_2_4809_V1R0_20250719.CR300""; ""2753""; 12.5; ""9/30/2025 5:41:10 AM""; 14.2; ""9/30/2025 7:37:37 AM""; 13.3; 5.5; ""9/30/2025 3:21:51 AM""; 16.3; ""9/30/2025 1:57:11 PM""; 9.5; ""OK ON POWER UP""; 373.2; 86,400.0; 1.0; 3.6; 3.2; -4.0; ""9/30/2025 1:01:56 AM"""
